lng,lat,OBJEKT_NR,OBJEKTBEZ,BAUMNUMMER,BAUMART,BOTANISCHER_NAME,PFLANZJAHR,icon,color
6.53940506249366,51.3385795080045,0170187,CANISIUSSTRAßE,9,Schnurbaum,Sophora japonica Regent,2017,fa-leaf,green
6.58216179226996,51.3184535049892,0670890,UNTERGATH,1018,Einblättrige Robinie,Robinia pseudoacacia Unifoliola,2017,fa-leaf,green
6.58472807189809,51.3192945066923,0670890,UNTERGATH,1026,Einblättrige Robinie,Robinia pseudoacacia Unifoliola,2017,fa-leaf,green
6.58887044047949,51.3208215397833,0670890,UNTERGATH,1041,Einblättrige Robinie,Robinia pseudoacacia Unifoliola,2017,fa-leaf,green
6.58985993721769,51.3212466370019,0670890,UNTERGATH,1044,Einblättrige Robinie,Robinia pseudoacacia Unifoliola,2017,fa-leaf,green
6.57960369569478,51.3176874718782,0670890,UNTERGATH,1009,Einblättrige Robinie,Robinia pseudoacacia Unifoliola,2017,fa-leaf,green
6.58023317108373,51.3178850157848,0670890,UNTERGATH,1012,Einblättrige Robinie,Robinia pseudoacacia Unifoliola,2017,fa-leaf,green
6.52913691260966,51.3251619490291,0170318,GATHERHOFSTRAßE,25,Riesenblättrige Linde,Tilia americana Nova,2017,fa-leaf,green
6.55738767170908,51.3263094980186,0170198,CORNELIUSSTRAßE,3,Wald-Tupelobaum,Nyssa sylvatica,2017,fa-leaf,green
6.54602489188922,51.3339346609585,0170354,GUTENBERGSTRAßE,93,Gewöhnliche Platane,Platanus x acerifolia,2017,fa-leaf,green
6.54074021160137,51.3233248126809,0170292,FORSTWALDSTRAßE,208,Kaiserlinde,Tilia vulgaris Pallida,2017,fa-leaf,green
6.54724598911173,51.3439475091975,0170331,GIRMESGATH,52,Kaiserlinde,Tilia vulgaris Pallida,2017,fa-leaf,green
6.54699779272227,51.3343225223387,0170354,GUTENBERGSTRAßE,56,Kaiserlinde,Tilia vulgaris Pallida,2017,fa-leaf,green
6.54000946790703,51.3226505527808,0170292,FORSTWALDSTRAßE,216,Kaiserlinde,Tilia vulgaris Pallida,2017,fa-leaf,green
6.55647855501406,51.3279118893938,0170579,LINDENSTRAßE,13,Stadt-Linde,Tilia cordata Greenspire,2017,fa-leaf,green
6.64792732084887,51.349932403677,0970048,AM OBERFELD,10,Japanische Zierkirsche,Prunus serrulata Kanzan,2017,fa-leaf,green
6.56795214990324,51.3255488750315,0470030,AM HAUPTBAHNHOF,6,Gelbe Gleditschie,Gleditsia triacanthos Sunburst,2017,fa-leaf,green
6.64758295307649,51.3499013705746,0970048,AM OBERFELD,7,Japanische Zierkirsche,Prunus serrulata Kanzan,2017,fa-leaf,green
6.55572561674463,51.3228564109467,0570013,ALTE GLADBACHER STRAßE,28,Rotblättrige Sorte des Spitz-Ahorn,Acer platanoides Schwedleri,2017,fa-leaf,green
6.64827802472061,51.3499693010549,0970048,AM OBERFELD,13,Japanische Zierkirsche,Prunus serrulata Kanzan,2017,fa-leaf,green
6.64844144728141,51.3499777732102,0970048,AM OBERFELD,14,Japanische Zierkirsche,Prunus serrulata Kanzan,2017,fa-leaf,green
6.64571103375276,51.3539628579171,0970056,AM RÖTTGEN,16,Japanische Zierkirsche,Prunus serrulata Kanzan,2017,fa-leaf,green
6.64712972186216,51.3498824510478,0970048,AM OBERFELD,3,Japanische Zierkirsche,Prunus serrulata Kanzan,2017,fa-leaf,green
6.61515981775596,51.3334258204359,0770200,CRÖN,7,Blasenesche,Koelreuteria paniculata,2017,fa-leaf,green
6.64836732503235,51.3653360811236,0970240,DUISBURGER STRAßE,8,Baum-Magnolie,Magnolia loebneriMerrill,2017,fa-leaf,green
6.64838259555278,51.365111370787,0970240,DUISBURGER STRAßE,10,Baum-Magnolie,Magnolia loebneriMerrill,2017,fa-leaf,green
6.61270981879012,51.3330977151777,0770200,CRÖN,1,Blasenesche,Koelreuteria paniculata,2017,fa-leaf,green
6.56278315602871,51.3233454835054,0470213,DEUTSCHER RING,79,Kaiserlinde,Tilia vulgaris Pallida,2017,fa-leaf,green
6.58305366555572,51.33892327743,0470238,DÜRERSTRAßE,128,Gelbe Gleditschie,Gleditsia triacanthos Sunburst,2017,fa-leaf,green
6.61364538170708,51.3332229958923,0770200,CRÖN,4,Blasenesche,Koelreuteria paniculata,2017,fa-leaf,green
6.67505902767453,51.321426482079,0970239,DÜSSELDORFER STRAßE,163,Spitz-Ahorn,Acer platanoides,2017,fa-leaf,green
6.5801232696218,51.3428642764272,0470238,DÜRERSTRAßE,3,Gelbe Gleditschie,Gleditsia triacanthos Sunburst,2017,fa-leaf,green
6.59715078548889,51.34561149773,0870302,FRIEDRICH-EBERT-STRAßE,119,Gewöhnliche Platane,Platanus x acerifolia,2017,fa-leaf,green
6.65136076318255,51.3786118993189,4978514,"Am Heesbusch, Parkgelände",175,Ginkgobaum,Ginkgo biloba,2017,fa-leaf,green
6.648332142574,51.3650011511282,0970240,DUISBURGER STRAßE,20,Baum-Magnolie,Magnolia loebneriMerrill,2017,fa-leaf,green
6.64832126404205,51.3651359875421,0970240,DUISBURGER STRAßE,21,Baum-Magnolie,Magnolia loebneriMerrill,2017,fa-leaf,green
6.65132511579425,51.3787268542938,4978514,"Am Heesbusch, Parkgelände",176,Ginkgobaum,Ginkgo biloba,2017,fa-leaf,green
6.64931013802471,51.3694456037445,0970240,DUISBURGER STRAßE,35,Kaiserlinde,Tilia vulgaris Pallida,2017,fa-leaf,green
6.6493417366553,51.3695479439954,0970240,DUISBURGER STRAßE,36,Kaiserlinde,Tilia vulgaris Pallida,2017,fa-leaf,green
6.58001764076206,51.3428429626122,0470238,DÜRERSTRAßE,17,Gelbe Gleditschie,Gleditsia triacanthos Sunburst,2017,fa-leaf,green
6.67536090452465,51.3209034622342,0970239,DÜSSELDORFER STRAßE,168,Spitz-Ahorn,Acer platanoides,2017,fa-leaf,green
6.67385191852708,51.3237793832428,0970239,DÜSSELDORFER STRAßE,209,Spitz-Ahorn,Acer platanoides,2017,fa-leaf,green
6.5810314185313,51.3414171337182,0470238,DÜRERSTRAßE,33,Gelbe Gleditschie,Gleditsia triacanthos Sunburst,2017,fa-leaf,green
6.56601197575925,51.296793759315,0670095,ANRATHER STRAßE,168,Berg-Ahorn,Acer pseudoplatanus,2017,fa-leaf,green
6.61248761237768,51.3396064084737,0770123,BERLINER STRAßE,183,Purpur-Erle,Alnus x spaethii,2017,fa-leaf,green
6.55823988644662,51.3305103427154,0470140,BLUMENSTRAßE,6,Rotdorn,Crataegus laevigata Rubra Plena,2017,fa-leaf,green
6.6351960296915,51.3606819296602,0970170,BRUCHWEG,61,Berg-Ahorn,Acer pseudoplatanus,2017,fa-leaf,green
6.6359013800122,51.3593754399303,0970170,BRUCHWEG,65,Berg-Ahorn,Acer pseudoplatanus,2017,fa-leaf,green
6.63508154652587,51.3607050418106,0970170,BRUCHWEG,15,Berg-Ahorn,Acer pseudoplatanus,2017,fa-leaf,green
6.61788406167502,51.3194208887926,0770108,BACHERHOFSTRAßE,14,Baum-Hasel,Corylus colurna,2017,fa-leaf,green
6.58629643511771,51.3404565902719,0870335,GNEISENAUSTRAßE,24,Japanische Zierkirsche,Prunus serrulata Kanzan,2017,fa-leaf,green
6.58629447715382,51.340639974842,0870335,GNEISENAUSTRAßE,6,Japanische Zierkirsche,Prunus serrulata Kanzan,2017,fa-leaf,green
6.61653766917902,51.3347383981824,0770333,GLINDHOLZSTRAßE,13,Kegel-Robinie,Robinia pseudoacacia Bessoniana,2017,fa-leaf,green
6.58638639604473,51.340308726163,0870335,GNEISENAUSTRAßE,26,Japanische Zierkirsche,Prunus serrulata Kanzan,2017,fa-leaf,green
6.58242464029676,51.3416123596107,0470302,FRIEDRICH-EBERT-STRAßE,48,Schnurbaum,Sophora japonica Regent,2017,fa-leaf,green
6.58026306025697,51.341143187225,0470302,FRIEDRICH-EBERT-STRAßE,13,Schnurbaum,Sophora japonica Regent,2017,fa-leaf,green
6.58187054135987,51.3414929108261,0470302,FRIEDRICH-EBERT-STRAßE,45,Schnurbaum,Sophora japonica Regent,2017,fa-leaf,green
6.64839061357912,51.3649765513841,0970240,DUISBURGER STRAßE,12,Baum-Magnolie,Magnolia loebneriMerrill,2017,fa-leaf,green
6.58103173430111,51.341216612647,0470302,FRIEDRICH-EBERT-STRAßE,19,Schnurbaum,Sophora japonica Regent,2017,fa-leaf,green
6.58481806528147,51.3169253850324,0670294,FRANZ-HITZE-STRAßE,31,Gelbe Gleditschie,Gleditsia triacanthos Sunburst,2017,fa-leaf,green
6.64841070312687,51.3646870236805,0970240,DUISBURGER STRAßE,16,Baum-Magnolie,Magnolia loebneriMerrill,2017,fa-leaf,green
6.64841683521628,51.3646159511723,0970240,DUISBURGER STRAßE,17,Baum-Magnolie,Magnolia loebneriMerrill,2017,fa-leaf,green
6.67383393422544,51.3235305476955,0970239,DÜSSELDORFER STRAßE,143,Spitz-Ahorn,Acer platanoides,2017,fa-leaf,green
6.64838595434,51.3650484572869,0970240,DUISBURGER STRAßE,11,Baum-Magnolie,Magnolia loebneriMerrill,2017,fa-leaf,green
6.5899720905812,51.3433444792981,0870480,KAISERPLATZ,21,Schmalkronige Platane,Platanus acerifolia Tremonia,2017,fa-leaf,green
6.59001692435052,51.3432606565735,0870480,KAISERPLATZ,22,Schmalkronige Platane,Platanus acerifolia Tremonia,2017,fa-leaf,green
6.58956125933412,51.3031673184548,0670516,KÖLNER STRAßE,54,Sorte der Eberesche,Sorbus aucuparia Sheerwaters Seedling,2017,fa-leaf,green
6.60910517957546,51.3360219772764,0770475,JOHANSENAUE,24,Papier-Birke,Betula papyrifera,2017,fa-leaf,green
6.64668390753844,51.3438506853874,0770517,KÖNIGSBERGER STRAßE,60,Zerr-Eiche,Quercus cerris,2017,fa-leaf,green
6.64600221995702,51.3650623530286,0970519,KÖRNERSTRAßE,24,Schnurbaum,Sophora japonica Regent,2017,fa-leaf,green
6.55466311389752,51.3149696369986,0570561,LEHMHEIDE,32,Spitz-Ahorn,Acer platanoides,2017,fa-leaf,green
6.59498562415412,51.3440346865638,0870489,KARL-HÜGEL-STRAßE,10,Gemeine Hainbuche,Carpinus betulus,2017,fa-leaf,green
6.5952335639359,51.3441044679666,0870489,KARL-HÜGEL-STRAßE,12,Gemeine Hainbuche,Carpinus betulus,2017,fa-leaf,green
6.58065387605262,51.314705771737,0670513,KNEINSTRAßE,22,Kaiserlinde,Tilia vulgaris Pallida,2017,fa-leaf,green
6.62804061409143,51.3509868568517,0870499,KIELER STRAßE,17,Katsurabaum,Ceridiphyllum japonicum,2017,fa-leaf,green
6.64595744045288,51.3654181444316,0970519,KÖRNERSTRAßE,29,Schnurbaum,Sophora japonica Regent,2017,fa-leaf,green
6.59122197357636,51.3409328141092,0870481,KAISERSTRAßE,8,Schmalkronige Platane,Platanus acerifolia Tremonia,2017,fa-leaf,green
6.64713292683593,51.3441116399827,0770517,KÖNIGSBERGER STRAßE,64,Zerr-Eiche,Quercus cerris,2017,fa-leaf,green
6.5628805147785,51.3207748512652,0570601,LUTHERPLATZ,1,Yoshino-Kirsche,Prunus x yedoensis,2017,fa-leaf,green
6.5632995633387,51.3208953030702,0570601,LUTHERPLATZ,3,Yoshino-Kirsche,Prunus x yedoensis,2017,fa-leaf,green
6.56356463908249,51.3206279502279,0570601,LUTHERPLATZ,43,Kugelahorn,Acer platanoides Globosum,2017,fa-leaf,green
6.56344687184878,51.3206141405297,0570601,LUTHERPLATZ,44,Kugelahorn,Acer platanoides Globosum,2017,fa-leaf,green
6.62824266008165,51.3508530254308,0870499,KIELER STRAßE,18,Katsurabaum,Ceridiphyllum japonicum,2017,fa-leaf,green
6.59364021228701,51.3484648138307,0870345,GROTENBURGSTRAßE,84,Papier-Birke,Betula papyrifera,2017,fa-leaf,green
6.59360377654466,51.3485324111624,0870345,GROTENBURGSTRAßE,85,Papier-Birke,Betula papyrifera,2017,fa-leaf,green
6.58238061470463,51.3391798683566,0470442,HUNZINGERSTRAßE,22,Sorte des Rot-Ahorns,Acer rubrum Armstrong,2017,fa-leaf,green
6.52580661839524,51.3591007152134,0370436,HÜLSER STRAßE,10,Gemeine Hainbuche,Carpinus betulus,2017,fa-leaf,green
6.53551297759398,51.3531257125582,0270436,HÜLSER STRAßE,28,Gemeine Hainbuche,Carpinus betulus,2017,fa-leaf,green
6.60831607872147,51.3359164295735,0770475,JOHANSENAUE,28,Papier-Birke,Betula papyrifera,2017,fa-leaf,green
6.6439691333852,51.3616494582665,0970415,HOCHSTADENSTRAßE,11,Kegel-Robinie,Robinia pseudoacacia Bessoniana,2017,fa-leaf,green
6.5494716707332,51.3401508737647,0170663,NEUER WEG,15,Kaiserlinde,Tilia vulgaris Pallida,2017,fa-leaf,green
6.54948804297287,51.3212827898075,0570654,NAUENWEG,39,Kaiserlinde,Tilia vulgaris Pallida,2017,fa-leaf,green
6.55698902617999,51.3373635932442,0470681,NORDSTRAßE,6,Sorte der Stechpalme,Ilex mutchagara 'Nellie R. Stevens',2017,fa-leaf,green
6.55746928760222,51.3374565633634,0470681,NORDSTRAßE,8,Sorte der Stechpalme,Ilex mutchagara 'Nellie R. Stevens',2017,fa-leaf,green
6.54789193709724,51.3385927895995,0170663,NEUER WEG,86,Kaiserlinde,Tilia vulgaris Pallida,2017,fa-leaf,green
6.5630408284686,51.3204911425516,0570601,LUTHERPLATZ,49,Yoshino-Kirsche,Prunus x yedoensis,2017,fa-leaf,green
6.56315007719243,51.320504099327,0570601,LUTHERPLATZ,50,Yoshino-Kirsche,Prunus x yedoensis,2017,fa-leaf,green
6.64321148934069,51.3630063769023,0970523,KONRADSTRAßE,7,Sorte der Japanische Zierkirsche,Prunus serrulata Sunset Boulevard,2017,fa-leaf,green
6.64340220871391,51.3628713478097,0970523,KONRADSTRAßE,19,Sorte der Japanische Zierkirsche,Prunus serrulata Sunset Boulevard,2017,fa-leaf,green
6.64342429544839,51.3626358759526,0970523,KONRADSTRAßE,3,Sorte der Japanische Zierkirsche,Prunus serrulata Sunset Boulevard,2017,fa-leaf,green
6.56371959650809,51.3210181099703,0570601,LUTHERPLATZ,5,Yoshino-Kirsche,Prunus x yedoensis,2017,fa-leaf,green
6.65201912304317,51.3500269875225,0970521,KOLPINGSTRAßE,39,Schwedische Mehlbeere,Sorbus intermedia,2017,fa-leaf,green
6.56371317240744,51.320571523013,0570601,LUTHERPLATZ,55,Yoshino-Kirsche,Prunus x yedoensis,2017,fa-leaf,green
6.55662029308118,51.3378444381324,0470572,VON-ITTER-PLATZ,9,Sorte der Stechpalme,Ilex mutchagara 'Nellie R. Stevens',2017,fa-leaf,green
6.55632551162748,51.3377865379471,0470572,VON-ITTER-PLATZ,10,Sorte der Stechpalme,Ilex mutchagara 'Nellie R. Stevens',2017,fa-leaf,green
6.55682590118798,51.3378829934392,0470572,VON-ITTER-PLATZ,8,Sorte der Stechpalme,Ilex mutchagara 'Nellie R. Stevens',2017,fa-leaf,green
6.55740569697211,51.3377786335579,0470572,VON-ITTER-PLATZ,2,Sorte der Stechpalme,Ilex mutchagara 'Nellie R. Stevens',2017,fa-leaf,green
6.55733931069904,51.3379078602676,0470572,VON-ITTER-PLATZ,3,Sorte der Stechpalme,Ilex mutchagara 'Nellie R. Stevens',2017,fa-leaf,green
6.55487210338435,51.3151576086925,0570561,LEHMHEIDE,24,Spitz-Ahorn,Acer platanoides,2017,fa-leaf,green
6.55733703196888,51.3380378124658,0470572,VON-ITTER-PLATZ,4,Sorte der Stechpalme,Ilex mutchagara 'Nellie R. Stevens',2017,fa-leaf,green
6.5639515648363,51.3205982291281,0570601,LUTHERPLATZ,57,Yoshino-Kirsche,Prunus x yedoensis,2017,fa-leaf,green
6.64339724285064,51.351830088473,0970651,MÜNDELHEIMER STRASSE,4,Kegel- Linde Glenleven,Tilia cordata Glenleven,2017,fa-leaf,green
6.56292295824078,51.3204773307301,0570601,LUTHERPLATZ,48,Yoshino-Kirsche,Prunus x yedoensis,2017,fa-leaf,green
6.54884582970229,51.3241880271452,0170654,NAUENWEG,81,Kaiserlinde,Tilia vulgaris Pallida,2017,fa-leaf,green
6.56417702268014,51.3206240866919,0570601,LUTHERPLATZ,59,Yoshino-Kirsche,Prunus x yedoensis,2017,fa-leaf,green
6.56326214334154,51.3205170507334,0570601,LUTHERPLATZ,51,Yoshino-Kirsche,Prunus x yedoensis,2017,fa-leaf,green
6.56337562672668,51.3205308947762,0570601,LUTHERPLATZ,52,Yoshino-Kirsche,Prunus x yedoensis,2017,fa-leaf,green
6.64347304081088,51.3627534718733,0970523,KONRADSTRAßE,21,Sorte der Japanische Zierkirsche,Prunus serrulata Sunset Boulevard,2017,fa-leaf,green
6.56414401919293,51.3211445233303,0570601,LUTHERPLATZ,7,Yoshino-Kirsche,Prunus x yedoensis,2017,fa-leaf,green
6.54926901989994,51.3324641611003,0170730,PREUßENRING,15,Kaiserlinde,Tilia vulgaris Pallida,2017,fa-leaf,green
6.6025250570858,51.3493523555487,0870782,SCHEIBLERSTRAßE,26,Weiße Maulbeere,Morus alba,2017,fa-leaf,green
6.60250927955531,51.3494544439032,0870782,SCHEIBLERSTRAßE,27,Weiße Maulbeere,Morus alba,2017,fa-leaf,green
6.6026021745102,51.3490677090018,0870782,SCHEIBLERSTRAßE,23,Weiße Maulbeere,Morus alba,2017,fa-leaf,green
6.56295738345522,51.3165343027306,0570745,REINERSWEG,18,Sumpf-Eiche,Quercus palustris,2017,fa-leaf,green
6.60255209854936,51.3492554197319,0870782,SCHEIBLERSTRAßE,25,Weiße Maulbeere,Morus alba,2017,fa-leaf,green
6.60265156487391,51.3488703011899,0870782,SCHEIBLERSTRAßE,21,Weiße Maulbeere,Morus alba,2017,fa-leaf,green
6.55560912298956,51.3244640560624,0170765,ROßSTRAßE,31,Rotblättrige Sorte des Spitz-Ahorn,Acer platanoides Schwedleri,2017,fa-leaf,green
6.6025754968473,51.3491741630459,0870782,SCHEIBLERSTRAßE,24,Weiße Maulbeere,Morus alba,2017,fa-leaf,green
6.63429310514022,51.3349106624746,0770749,RHEINBABENSTRASSE,112,Schmalkronige Gleditschie,Gleditsia triacanthos Skyline,2017,fa-leaf,green
6.60271516959051,51.3486157135837,0870782,SCHEIBLERSTRAßE,19,Weiße Maulbeere,Morus alba,2017,fa-leaf,green
6.53778079344345,51.3291962668738,0170779,ST. TÖNISER STRAßE,8,Stiel-Eiche,Quercus robur,2017,fa-leaf,green
6.64534005562989,51.339738996824,0770750,RHEINFELD,4,Weißbunte Sorte vom Berg-Ahorn,Acer pseudoplatanus Leopoldii,2017,fa-leaf,green
6.64294651056652,51.3564426147949,0970712,PARKSTRAßE,53,Stadt-Linde,Tilia cordata Greenspire,2017,fa-leaf,green
6.64524130164852,51.3397969024812,0770750,RHEINFELD,3,Weißbunte Sorte vom Berg-Ahorn,Acer pseudoplatanus Leopoldii,2017,fa-leaf,green
6.55879745921557,51.3515148217165,0271148,JOSEF-LENDERS-DYK,10,Sorte des Amberbaums,Liquidambar styraciflua Paarl,2017,fa-leaf,green
6.64318221067224,51.35591624936,0970712,PARKSTRAßE,51,Stadt-Linde,Tilia cordata Greenspire,2017,fa-leaf,green
6.55487260954954,51.3082000135055,0670690,OBERSCHLESIENSTRAßE,23,Wollapfel,Malus tschonskii,2017,fa-leaf,green
6.65246381037095,51.3503039925576,0970521,KOLPINGSTRAßE,17,Schwedische Mehlbeere,Sorbus intermedia,2017,fa-leaf,green
6.56752892582368,51.3175823162579,0570913,VOM-BRUCK-PLATZ,12,Kugelrobinie,Robinia pseudoacacia Umbraculifera,2017,fa-leaf,green
6.56743254535759,51.3175611912849,0570913,VOM-BRUCK-PLATZ,13,Kugelrobinie,Robinia pseudoacacia Umbraculifera,2017,fa-leaf,green
6.64020750636644,51.3637838467279,0970940,WEILERSTRAßE,25,Rotdorn,Crataegus laevigata Pauls Scarlet,2017,fa-leaf,green
6.5575417436648,51.3352788931923,0470947,WESTWALL,58,Kaiserlinde,Tilia vulgaris Pallida,2017,fa-leaf,green
6.55689348121893,51.3380174856338,0470931,WEBERSTRAßE,2,Sorte der Stechpalme,Ilex mutchagara 'Nellie R. Stevens',2017,fa-leaf,green
6.59143141452405,51.3367574340672,0770872,TIERGARTENSTRAßE,54,Papier-Birke,Betula papyrifera,2017,fa-leaf,green
6.58789869140901,51.3359597996394,0770872,TIERGARTENSTRAßE,80,Papier-Birke,Betula papyrifera,2017,fa-leaf,green
6.60249521033942,51.3495554445035,0870782,SCHEIBLERSTRAßE,28,Weiße Maulbeere,Morus alba,2017,fa-leaf,green
6.5908270744262,51.3366218961534,0770872,TIERGARTENSTRAßE,59,Papier-Birke,Betula papyrifera,2017,fa-leaf,green
6.62872163743564,51.3601961309968,0970878,TRAARER STRAßE,51,Winter-Linde,Tilia cordata,2017,fa-leaf,green
6.5942314998852,51.3375614897736,0770872,TIERGARTENSTRAßE,142,Papier-Birke,Betula papyrifera,2017,fa-leaf,green
6.56482266353412,51.3278826124792,0470851,SÜDWALL,48,Sumpf-Eiche,Quercus palustris,2017,fa-leaf,green
6.59392661286476,51.3400421739917,0870885,UERDINGER STRAßE,64,Kaiserlinde,Tilia vulgaris Pallida,2017,fa-leaf,green
6.58911195544841,51.3362340126443,0770872,TIERGARTENSTRAßE,71,Papier-Birke,Betula papyrifera,2017,fa-leaf,green
6.59410048524304,51.3375343051693,0770872,TIERGARTENSTRAßE,143,Papier-Birke,Betula papyrifera,2017,fa-leaf,green
6.5969037048825,51.3381640411526,0770872,TIERGARTENSTRAßE,120,Papier-Birke,Betula papyrifera,2017,fa-leaf,green
6.59652697686974,51.3380795453815,0770872,TIERGARTENSTRAßE,123,Papier-Birke,Betula papyrifera,2017,fa-leaf,green
6.6238133791106,51.3232445946078,0771109,HEINRICH-KLAUSMANN-STRAßE,39,Schmalkronige Gleditschie,Gleditsia triacanthos Skyline,2017,fa-leaf,green
6.62383121387236,51.3233509801332,0771109,HEINRICH-KLAUSMANN-STRAßE,40,Schmalkronige Gleditschie,Gleditsia triacanthos Skyline,2017,fa-leaf,green
6.55926470478952,51.3512934890723,0271148,JOSEF-LENDERS-DYK,12,Sorte des Amberbaums,Liquidambar styraciflua Paarl,2017,fa-leaf,green
6.55865304698808,51.3515781979647,0271148,JOSEF-LENDERS-DYK,9,Sorte des Amberbaums,Liquidambar styraciflua Paarl,2017,fa-leaf,green
6.58882469370659,51.3478189167439,0871006,HIRSCHFELDERSTRAßE,26,Sorte der Blumenesche,Fraxinus ornus Obelisk,2017,fa-leaf,green
6.62384700315556,51.3234465164338,0771109,HEINRICH-KLAUSMANN-STRAßE,41,Schmalkronige Gleditschie,Gleditsia triacanthos Skyline,2017,fa-leaf,green
6.58529092392829,51.320297414248,0571083,ALTE UNTERGATH,11,Schmalkronige Stadt- Ulme,Ulmus x hollandica Lobel,2017,fa-leaf,green
6.55899111047635,51.3513740311246,0271148,JOSEF-LENDERS-DYK,11,Sorte des Amberbaums,Liquidambar styraciflua Paarl,2017,fa-leaf,green
6.55983642107699,51.3509942441107,0271148,JOSEF-LENDERS-DYK,14,Sorte des Amberbaums,Liquidambar styraciflua Paarl,2017,fa-leaf,green
6.58893886261757,51.3475387817955,0871006,HIRSCHFELDERSTRAßE,23,Sorte der Blumenesche,Fraxinus ornus Obelisk,2017,fa-leaf,green
6.55956932571096,51.3310011225469,0470947,WESTWALL,25,Kaiserlinde,Tilia vulgaris Pallida,2017,fa-leaf,green
6.53266958673485,51.3121576964629,0170976,ZUR ALTEN SCHMIEDE,36,Kaiserlinde,Tilia vulgaris Pallida,2017,fa-leaf,green
6.57408245949321,51.3454211762737,0470956,WILHELMSHOFALLEE,51,Papier-Birke,Betula papyrifera,2017,fa-leaf,green
6.55944845787832,51.3313001257538,0470947,WESTWALL,28,Kaiserlinde,Tilia vulgaris Pallida,2017,fa-leaf,green
6.60937938929112,51.3270293794298,0770934,WEETEKAMP,29,Sorte der Japanische Zierkirsche,Prunus serrulata Sunset Boulevard,2017,fa-leaf,green
6.60891692157844,51.32770801485,0770934,WEETEKAMP,18,Sorte der Japanische Zierkirsche,Prunus serrulata Sunset Boulevard,2017,fa-leaf,green
6.6091426208446,51.3273431737003,0770934,WEETEKAMP,23,Sorte der Japanische Zierkirsche,Prunus serrulata Sunset Boulevard,2017,fa-leaf,green
6.514652336633,51.3779616129087,0371425,AM KÖNIGSPARK,10,Sand-Birke,Betula pendula,2017,fa-leaf,green
6.5144693608024,51.3782950144336,0371425,AM KÖNIGSPARK,6,Sand-Birke,Betula pendula,2017,fa-leaf,green
6.50939555922349,51.3720599521033,0371587,SCHULSTRAßE,67,Sorte der Japanische Zierkirsche,Prunus serrulata Sunset Boulevard,2017,fa-leaf,green
6.50663946650537,51.38038125555,0371557,KLEVER STRAßE,196,Gemeine Hainbuche,Carpinus betulus,2017,fa-leaf,green
6.49632226300993,51.3951919685851,0371557,KLEVER STRAßE,303,Sorte der Rotesche,Fraxinus pennsylvanica Patmore,2017,fa-leaf,green
6.51475727360291,51.387356775462,0371547,LOOKDYK,129,Eßkastanie,Castanea sativa,2017,fa-leaf,green
6.51472295608537,51.3873972722843,0371547,LOOKDYK,128,Eßkastanie,Castanea sativa,2017,fa-leaf,green
6.51412238905851,51.3881078935632,0371547,LOOKDYK,122,Eßkastanie,Castanea sativa,2017,fa-leaf,green
6.51478618059261,51.387320705093,0371547,LOOKDYK,130,Eßkastanie,Castanea sativa,2017,fa-leaf,green
6.52658109863347,51.3278603237284,0171223,AM SCHIRKESHOF,4,Säulenhainbuche,Carpinus betulus Fastigiata,2017,fa-leaf,green
6.50531725829824,51.3754092793674,0371216,BEGINENWEG,8,Geweihbaum,Gymnocladus dioicus,2017,fa-leaf,green
6.52854770988241,51.3851165179021,0371421,BOOMDYK,85,Winter-Linde,Tilia cordata,2017,fa-leaf,green
6.50727364101459,51.3791599997744,0371557,KLEVER STRAßE,154,Gemeine Hainbuche,Carpinus betulus,2017,fa-leaf,green
6.6239170653379,51.323911537112,0771109,HEINRICH-KLAUSMANN-STRAßE,44,Schmalkronige Gleditschie,Gleditsia triacanthos Skyline,2017,fa-leaf,green
6.63561612319285,51.361992822254,4978520,"Parkstraße, Stadtpark",2019,Dachförmige Platane,Platanus x acerifolia,2017,fa-leaf,green
6.61852144072813,51.3257492400656,2775236,"FDF Oppum, Heckschenstraße",150,Winter-Linde,Tilia cordata,2017,fa-leaf,green
6.61862251612689,51.3257755424848,2775236,"FDF Oppum, Heckschenstraße",148,Winter-Linde,Tilia cordata,2017,fa-leaf,green
6.61841302655389,51.3257327720315,2775236,"FDF Oppum, Heckschenstraße",152,Amberbaum,Liquidambar styraciflua,2017,fa-leaf,green
6.58164525012623,51.3465394410204,3878302,"Wilhelmshofallee 97, Museum Haus Lange",107,Blutbuche,Fagus sylvatica Purpurea,2017,fa-leaf,green
6.55701004313893,51.3270986044375,1178204,"An der Josefkirche, Grundschule",3,Spitz-Ahorn,Acer platanoides,2017,fa-leaf,green
6.59620101470708,51.293093908955,0670543,KÜTTERWEG,2,Gelbblättrige Robinie,Robinia pseudoacacia Frisia,2017,fa-leaf,green
6.62972646378877,51.3216238442471,2778432,"Am Holderspfad, Skateranlage",33,Schwarz-Erle,Alnus glutinosa,2017,fa-leaf,green
6.53900193550175,51.3534556524842,1278511,"Am Schleitershof, Grünanlage Hummelwiese",130,Rotbuche,Fagus sylvatica,2017,fa-leaf,green
6.57402179184659,51.3476854168235,1278515,"Moerser Straße / Dahlerdyk, Grünzug nördl Immenhof",11,Sorte der Tulpenmagnolie,Magnolia Hybride Galaxy,2017,fa-leaf,green
6.56064645659649,51.3364291632486,1478514,Friedrichsplatz,3,Blutbuche,Fagus sylvatica Purpurea,2017,fa-leaf,green
6.55795904750907,51.3061430650425,2678515,"Vulkanstraße, Stadtpark Fischeln II",567,Gewöhnlicher Trompetenbaum,Catalpa bignonioides,2017,fa-leaf,green
6.57674252939353,51.3104356341853,2678520,Camesstraße - Kölner Straße / Vulkanstraße,51,Sorte vom Japanischen Apfel,Malus floribunda Red Sentinel,2017,fa-leaf,green
6.60922226530391,51.3193269663272,2778528,Fungendonk,9,Sand-Birke,Betula pendula,2017,fa-leaf,green
6.635587456665,51.3619869748923,4978520,"Parkstraße, Stadtpark",283,Dachförmige Platane,Platanus x acerifolia,2017,fa-leaf,green
6.58228626773934,51.3014460249197,0670073,AN DE WELT,10,Stiel-Eiche,Quercus robur,2017,fa-leaf,green
6.5653951969107,51.3172433793733,2578520,"Vom-Bruck-Straße, Grünverbindung Reinersweg",6,Kaiserlinde,Tilia vulgaris Pallida,2017,fa-leaf,green
6.55875796730749,51.3073072615226,2678515,"Vulkanstraße, Stadtpark Fischeln II",27,Ginkgobaum,Ginkgo biloba,2017,fa-leaf,green
6.56608013123054,51.3173591764645,2578520,"Vom-Bruck-Straße, Grünverbindung Reinersweg",1,Kaiserlinde,Tilia vulgaris Pallida,2017,fa-leaf,green
6.56597702030967,51.3173425829613,2578520,"Vom-Bruck-Straße, Grünverbindung Reinersweg",2,Kaiserlinde,Tilia vulgaris Pallida,2017,fa-leaf,green
6.62077684792488,51.3517669577767,0870124,BETHELSTRAßE,48,Himalaja-Birke,Betula jacquemontii,2017,fa-leaf,green
6.5991347783819,51.3178319784018,2678522,"Hafelsstraße, Bunker Ecke Langendonk",44,Sand-Birke,Betula pendula,2017,fa-leaf,green
6.60620881260063,51.3169430466903,2678539,"Langen Donk, Grünverbindung",14,Säulen-Feldahorn,Acer campestre Green Column,2017,fa-leaf,green
6.5515883852528,51.3347796702891,0178684,"NORDWALL, Parkplatz am Gericht",5,Winter-Linde,Tilia cordata,2017,fa-leaf,green
6.55201846854079,51.3348629626205,0178684,"NORDWALL, Parkplatz am Gericht",2,Winter-Linde,Tilia cordata,2017,fa-leaf,green
6.57321391868215,51.3113677724423,2678552,"Vulkanstraße, Grünanlage Heideck",12,Taschentuchbaum,Davidia involukrata,2017,fa-leaf,green
6.59275148694187,51.3105354798511,2678546,"Hafelsstraße,von Hafels bis Wilh.Stefen,Fischelner Wiese",100,Eiche,Quercus  species,2017,fa-leaf,green
6.59329944030116,51.3096587765275,2678546,"Hafelsstraße,von Hafels bis Wilh.Stefen,Fischelner Wiese",88,Ginkgobaum,Ginkgo biloba,2017,fa-leaf,green
6.56108781744486,51.3449629336259,0270655,NASSAUERRING,646,Gemeine Kiefer,Pinus sylvestris,2017,fa-leaf,green
6.56439399373775,51.317071922219,2578520,"Vom-Bruck-Straße, Grünverbindung Reinersweg",11,Kaiserlinde,Tilia vulgaris Pallida,2017,fa-leaf,green
6.57427478548147,51.3285118302047,0470722,PHILADELPHIASTRAßE,1020,Sorte des Riesen-Lebensbaum,Thuja plicata Excelsa,2017,fa-leaf,green
6.56554185346469,51.3172687877612,2578520,"Vom-Bruck-Straße, Grünverbindung Reinersweg",5,Kaiserlinde,Tilia vulgaris Pallida,2017,fa-leaf,green
6.57426825803598,51.3282698236503,0470722,PHILADELPHIASTRAßE,1019,Sorte des Riesen-Lebensbaum,Thuja plicata Excelsa,2017,fa-leaf,green
6.64831186418315,51.3652735109053,0970240,DUISBURGER STRAßE,22,Baum-Magnolie,Magnolia loebneriMerrill,2017,fa-leaf,green
6.57427207141577,51.3281657928439,0470722,PHILADELPHIASTRAßE,1016,Sorte des Riesen-Lebensbaum,Thuja plicata Excelsa,2017,fa-leaf,green
6.61206830168626,51.34417554871,0870885,UERDINGER STRAßE,318,Kegel- Linde Glenleven,Tilia cordata Glenleven,2017,fa-leaf,green
6.61586529401948,51.3450750385631,0870885,UERDINGER STRAßE,325,Säulen-Feldahorn,Acer campestre Green Column,2017,fa-leaf,green
6.57999549812994,51.3448382909528,0470469,JENTGESALLEE,85,Spitz-Ahorn,Acer platanoides,2017,fa-leaf,green
6.60921729780682,51.3360366891756,0770475,JOHANSENAUE,23,Papier-Birke,Betula papyrifera,2017,fa-leaf,green
6.65170152722155,51.334877427332,27ND_35,Greiffenhorstpark 4488,11,Holländische Linde,Tilia x intermedia,2017,fa-leaf,green
6.58021483423094,51.315224894751,0670513,KNEINSTRAßE,14,Kaiserlinde,Tilia vulgaris Pallida,2017,fa-leaf,green
6.61103606304124,51.3391223866762,0770123,BERLINER STRAßE,73,Purpur-Erle,Alnus x spaethii,2017,fa-leaf,green
6.56428616948702,51.3206379263787,0570601,LUTHERPLATZ,60,Yoshino-Kirsche,Prunus x yedoensis,2017,fa-leaf,green
6.59641756683371,51.338054939018,0770872,TIERGARTENSTRAßE,124,Papier-Birke,Betula papyrifera,2017,fa-leaf,green
6.57833192633057,51.3407249182114,0470302,FRIEDRICH-EBERT-STRAßE,5,Schnurbaum,Sophora japonica Regent,2017,fa-leaf,green
6.6517308115165,51.3350174249277,27ND_35,Greiffenhorstpark 4488,9,Holländische Linde,Tilia x intermedia,2017,fa-leaf,green
6.56607188495737,51.3077037107341,2678515,"Vulkanstraße, Stadtpark Fischeln II",287,Sorte der Pyramiden-Eiche,Quercus robur Fastigiata 'Koster',2017,fa-leaf,green
6.64014029608487,51.3549056794786,0970735,QUERSTRAßE,4,Schmalkronige Platane,Platanus acerifolia Tremonia,2017,fa-leaf,green
6.56773558499322,51.3254584851364,0470030,AM HAUPTBAHNHOF,5,Gelbe Gleditschie,Gleditsia triacanthos Sunburst,2017,fa-leaf,green
6.55727397400699,51.3261633856593,0170198,CORNELIUSSTRAßE,24,Wald-Tupelobaum,Nyssa sylvatica,2017,fa-leaf,green
6.55666490046752,51.3247085202419,0170213,DEUTSCHER RING,59,Kaiserlinde,Tilia vulgaris Pallida,2017,fa-leaf,green
6.58800675468491,51.3361031285089,0770872,TIERGARTENSTRAßE,3,Papier-Birke,Betula papyrifera,2017,fa-leaf,green
6.62386126914935,51.3235464438209,0771109,HEINRICH-KLAUSMANN-STRAßE,42,Schmalkronige Gleditschie,Gleditsia triacanthos Skyline,2017,fa-leaf,green
6.58151630184463,51.3410630978678,0470238,DÜRERSTRAßE,81,Gelbe Gleditschie,Gleditsia triacanthos Sunburst,2017,fa-leaf,green
6.56568807011566,51.3172936544801,2578520,"Vom-Bruck-Straße, Grünverbindung Reinersweg",4,Kaiserlinde,Tilia vulgaris Pallida,2017,fa-leaf,green
6.64837387691245,51.3651994731495,0970240,DUISBURGER STRAßE,9,Baum-Magnolie,Magnolia loebneriMerrill,2017,fa-leaf,green
6.55611556947907,51.3377444140842,0470572,VON-ITTER-PLATZ,11,Sorte der Stechpalme,Ilex mutchagara 'Nellie R. Stevens',2017,fa-leaf,green
6.56985080716909,51.3425771849092,0270441,HUMBOLDTSTRAßE,5,Sand-Birke,Betula pendula,2017,fa-leaf,green
6.64163900006137,51.3523525595817,0970529,ALTE KREFELDER STRAßE,4,Gewöhnliche Platane,Platanus x acerifolia,2017,fa-leaf,green
6.58304870527111,51.3188630532444,0670890,UNTERGATH,1031,Einblättrige Robinie,Robinia pseudoacacia Unifoliola,2017,fa-leaf,green
6.53984857100269,51.3224993819647,0170292,FORSTWALDSTRAßE,218,Kaiserlinde,Tilia vulgaris Pallida,2017,fa-leaf,green
6.65177259277955,51.3352265307746,27ND_35,Greiffenhorstpark 4488,6,Holländische Linde,Tilia x intermedia,2017,fa-leaf,green
6.6279232259948,51.3510729642928,0870499,KIELER STRAßE,16,Katsurabaum,Ceridiphyllum japonicum,2017,fa-leaf,green
6.59415872025578,51.340094752648,0870885,UERDINGER STRAßE,9,Kaiserlinde,Tilia vulgaris Pallida,2017,fa-leaf,green
6.56350957608514,51.3209562520369,0570601,LUTHERPLATZ,4,Yoshino-Kirsche,Prunus x yedoensis,2017,fa-leaf,green
6.56393826661095,51.3210826286236,0570601,LUTHERPLATZ,6,Yoshino-Kirsche,Prunus x yedoensis,2017,fa-leaf,green
6.56837863750128,51.3257334140635,0470030,AM HAUPTBAHNHOF,8,Gelbe Gleditschie,Gleditsia triacanthos Sunburst,2017,fa-leaf,green
6.56405639803792,51.3206102993177,0570601,LUTHERPLATZ,58,Yoshino-Kirsche,Prunus x yedoensis,2017,fa-leaf,green
6.64288511871204,51.3565768487279,0970712,PARKSTRAßE,54,Stadt-Linde,Tilia cordata Greenspire,2017,fa-leaf,green
6.64839993435196,51.3648327396463,0970240,DUISBURGER STRAßE,14,Baum-Magnolie,Magnolia loebneriMerrill,2017,fa-leaf,green
6.58740140943297,51.3388305966408,0870335,GNEISENAUSTRAßE,46,Japanische Zierkirsche,Prunus serrulata Kanzan,2017,fa-leaf,green
6.57230485969095,51.3161328901588,0570688,OBERGATH,132,Sorte der Holländischen Ulme,Ulmus x hollandica Columella,2017,fa-leaf,green
6.64312532790292,51.3560431199174,0970712,PARKSTRAßE,52,Stadt-Linde,Tilia cordata Greenspire,2017,fa-leaf,green
6.64345443922745,51.3625837690391,0970523,KONRADSTRAßE,2,Sorte der Japanische Zierkirsche,Prunus serrulata Sunset Boulevard,2017,fa-leaf,green
6.60248222431924,51.3497410776547,0870782,SCHEIBLERSTRAßE,30,Weiße Maulbeere,Morus alba,2017,fa-leaf,green
6.58624526276918,51.3407193224665,0870335,GNEISENAUSTRAßE,7,Japanische Zierkirsche,Prunus serrulata Kanzan,2017,fa-leaf,green
6.54964867926272,51.3452052170069,0270460,INRATHER STRAßE,76,Sorte der Japanische Zelkove,Zelkova serrata Village Green,2017,fa-leaf,green
6.56120523766427,51.3450448709034,0270655,NASSAUERRING,647,Gemeine Kiefer,Pinus sylvestris,2017,fa-leaf,green
6.56659199402498,51.3108021105056,2678405,"Neulandstraße / Vulkanstraße, Kinderspielplatz mit Bolzplatz",5,Spitz-Ahorn,Acer platanoides,2017,fa-leaf,green
6.6091676317558,51.3272827021258,0770934,WEETEKAMP,24,Sorte der Japanische Zierkirsche,Prunus serrulata Sunset Boulevard,2017,fa-leaf,green
6.58421745277673,51.3139481999854,2678209,"Johannes-Blum-Straße, Kölnerstr. 368b Schulzentrum Süd, Gymnasium",54,Sand-Birke,Betula pendula,2017,fa-leaf,green
6.58897099437151,51.347468498866,0871006,HIRSCHFELDERSTRAßE,22,Sorte der Blumenesche,Fraxinus ornus Obelisk,2017,fa-leaf,green
6.58877334704035,51.347958500342,0871006,HIRSCHFELDERSTRAßE,28,Sorte der Blumenesche,Fraxinus ornus Obelisk,2017,fa-leaf,green
6.62395250925149,51.3241372753484,0771109,HEINRICH-KLAUSMANN-STRAßE,45,Schmalkronige Gleditschie,Gleditsia triacanthos Skyline,2017,fa-leaf,green
6.51754541516881,51.2944968393428,0170993,AM ROTDORN,6,Sumpfzypresse,Taxodium distichum,2017,fa-leaf,green
6.56332337374214,51.3206012539485,0570601,LUTHERPLATZ,45,Kugelahorn,Acer platanoides Globosum,2017,fa-leaf,green
6.60270033037685,51.3504420282444,0870782,SCHEIBLERSTRAßE,38,Weiße Maulbeere,Morus alba,2017,fa-leaf,green
6.60278220378703,51.3483522828963,0870782,SCHEIBLERSTRAßE,16,Weiße Maulbeere,Morus alba,2017,fa-leaf,green
6.57415052689895,51.347630399152,1278515,"Moerser Straße / Dahlerdyk, Grünzug nördl Immenhof",147,Sorte der Tulpenmagnolie,Magnolia Hybride Galaxy,2017,fa-leaf,green
6.6517433060504,51.33508743492,27ND_35,Greiffenhorstpark 4488,8,Holländische Linde,Tilia x intermedia,2017,fa-leaf,green
6.56583209314212,51.3173166275868,2578520,"Vom-Bruck-Straße, Grünverbindung Reinersweg",3,Kaiserlinde,Tilia vulgaris Pallida,2017,fa-leaf,green
6.57643939471932,51.3103659745102,2678520,Camesstraße - Kölner Straße / Vulkanstraße,72,Weißdorn,Crataegus  species,2017,fa-leaf,green
6.59839998946263,51.2925495149456,0671261,AN DER BEEK,6,Gelbblättrige Robinie,Robinia pseudoacacia Frisia,2017,fa-leaf,green
6.60006885029368,51.2922129791412,0670516,KÖLNER STRAßE,188,Kaiserlinde,Tilia vulgaris Pallida,2017,fa-leaf,green
6.59940804022122,51.2926986193593,0671261,AN DER BEEK,10,Gelbblättrige Robinie,Robinia pseudoacacia Frisia,2017,fa-leaf,green
6.55586664783872,51.3463278315986,0271020,MICHELSDYK,21,Oregon-Blut-Ahorn,Acer platanoides Royal Red,2017,fa-leaf,green
6.59642911932584,51.293097330031,0670543,KÜTTERWEG,7,Gelbblättrige Robinie,Robinia pseudoacacia Frisia,2017,fa-leaf,green
6.59859050949543,51.292608818199,0671261,AN DER BEEK,5,Gelbblättrige Robinie,Robinia pseudoacacia Frisia,2017,fa-leaf,green
6.59819336587613,51.2924841993959,0671261,AN DER BEEK,7,Gelbblättrige Robinie,Robinia pseudoacacia Frisia,2017,fa-leaf,green
6.59962020549307,51.2924469118257,0671261,AN DER BEEK,11,Gelbblättrige Robinie,Robinia pseudoacacia Frisia,2017,fa-leaf,green
6.59969585939186,51.29235943679,0671261,AN DER BEEK,12,Gelbblättrige Robinie,Robinia pseudoacacia Frisia,2017,fa-leaf,green
6.60205544514871,51.2910194448437,0670516,KÖLNER STRAßE,377,Kaiserlinde,Tilia vulgaris Pallida,2017,fa-leaf,green
6.59955119280993,51.2923935191781,0671261,AN DER BEEK,1,Gelbblättrige Robinie,Robinia pseudoacacia Frisia,2017,fa-leaf,green
6.59906537719372,51.2927558956723,0671261,AN DER BEEK,3,Gelbblättrige Robinie,Robinia pseudoacacia Frisia,2017,fa-leaf,green
6.59880170598616,51.2926738593928,0671261,AN DER BEEK,4,Gelbblättrige Robinie,Robinia pseudoacacia Frisia,2017,fa-leaf,green
6.61866748717125,51.3278436829583,2778431,"Bischofstraße, KSP",49,Rotbuche,Fagus sylvatica,2017,fa-leaf,green
6.50752991893995,51.3789962185244,0371557,KLEVER STRAßE,146,Gemeine Hainbuche,Carpinus betulus,2017,fa-leaf,green
6.57327504414236,51.3113098412625,2678552,"Vulkanstraße, Grünanlage Heideck",11,Ginkgobaum,Ginkgo biloba,2017,fa-leaf,green
6.60676489980222,51.3170439635676,2678539,"Langen Donk, Grünverbindung",6,Säulen-Feldahorn,Acer campestre Green Column,2017,fa-leaf,green
6.51368370380294,51.3886286633897,0371547,LOOKDYK,116,Eßkastanie,Castanea sativa,2017,fa-leaf,green
6.59559389892928,51.2968675642424,0670516,KÖLNER STRAßE,291,Kaiserlinde,Tilia vulgaris Pallida,2017,fa-leaf,green
6.57775936613378,51.3171021151662,0670890,UNTERGATH,1003,Einblättrige Robinie,Robinia pseudoacacia Unifoliola,2017,fa-leaf,green
6.64204240356999,51.3660944070417,0970877,TOPSSTRAßE,75,Rotblättrige Sorte des Spitz-Ahorn,Acer platanoides Schwedleri,2017,fa-leaf,green
6.5747700631024,51.3286377734186,0470722,PHILADELPHIASTRAßE,1024,Sorte des Riesen-Lebensbaum,Thuja plicata Excelsa,2017,fa-leaf,green
6.57459052862598,51.328678189672,0470722,PHILADELPHIASTRAßE,1026,Sorte des Riesen-Lebensbaum,Thuja plicata Excelsa,2017,fa-leaf,green
6.60902557804864,51.3274942674212,0770934,WEETEKAMP,20,Sorte der Japanische Zierkirsche,Prunus serrulata Sunset Boulevard,2017,fa-leaf,green
6.56360114623777,51.3205585801294,0570601,LUTHERPLATZ,54,Yoshino-Kirsche,Prunus x yedoensis,2017,fa-leaf,green
6.54712528007169,51.3485994705755,0270141,BLUMENTALSTRAßE,193,Vogel-Kirsche,Prunus avium,2017,fa-leaf,green
6.61779449197556,51.3259398300538,2775236,"FDF Oppum, Heckschenstraße",207,Tulpenbaum,Liriodendron tulipifera,2017,fa-leaf,green
6.61895470342349,51.3263499480035,2775236,"FDF Oppum, Heckschenstraße",249,Winter-Linde,Tilia cordata,2017,fa-leaf,green
6.58441394549768,51.340602584742,0870340,GRENZSTRAßE,39,Selektion der Felsenbirne,Amelanchier arborea Robin Hill,2017,fa-leaf,green
6.58888033530139,51.3476784104685,0871006,HIRSCHFELDERSTRAßE,25,Sorte der Blumenesche,Fraxinus ornus Obelisk,2017,fa-leaf,green
6.5886764735589,51.3482403024142,0871006,HIRSCHFELDERSTRAßE,29,Sorte der Blumenesche,Fraxinus ornus Obelisk,2017,fa-leaf,green
6.57985333231526,51.3177651687065,0670890,UNTERGATH,1010,Einblättrige Robinie,Robinia pseudoacacia Unifoliola,2017,fa-leaf,green
6.58037435069324,51.3179297144677,0670890,UNTERGATH,1013,Einblättrige Robinie,Robinia pseudoacacia Unifoliola,2017,fa-leaf,green
6.58062121493711,51.318007352329,0670890,UNTERGATH,1014,Einblättrige Robinie,Robinia pseudoacacia Unifoliola,2017,fa-leaf,green
6.58077155392197,51.3180539806821,0670890,UNTERGATH,1015,Einblättrige Robinie,Robinia pseudoacacia Unifoliola,2017,fa-leaf,green
6.58177913805928,51.3183341863762,0670890,UNTERGATH,1016,Einblättrige Robinie,Robinia pseudoacacia Unifoliola,2017,fa-leaf,green
6.58192762928564,51.318380775053,0670890,UNTERGATH,1017,Einblättrige Robinie,Robinia pseudoacacia Unifoliola,2017,fa-leaf,green
6.58487012447295,51.3193403784516,0670890,UNTERGATH,1027,Einblättrige Robinie,Robinia pseudoacacia Unifoliola,2017,fa-leaf,green
6.58513946023604,51.3194312364809,0670890,UNTERGATH,1028,Einblättrige Robinie,Robinia pseudoacacia Unifoliola,2017,fa-leaf,green
6.585268623931,51.3194756812946,0670890,UNTERGATH,1029,Einblättrige Robinie,Robinia pseudoacacia Unifoliola,2017,fa-leaf,green
6.58700361256965,51.3200608190961,0670890,UNTERGATH,1036,Einblättrige Robinie,Robinia pseudoacacia Unifoliola,2017,fa-leaf,green
6.6025124537393,51.3499907259385,0870782,SCHEIBLERSTRAßE,33,Weiße Maulbeere,Morus alba,2017,fa-leaf,green
6.60275877500003,51.3484413572729,0870782,SCHEIBLERSTRAßE,17,Weiße Maulbeere,Morus alba,2017,fa-leaf,green
6.58230303653833,51.3184970420839,0670890,UNTERGATH,1019,Einblättrige Robinie,Robinia pseudoacacia Unifoliola,2017,fa-leaf,green
6.58300553136701,51.3187152283042,0670890,UNTERGATH,1020,Einblättrige Robinie,Robinia pseudoacacia Unifoliola,2017,fa-leaf,green
6.58315769474559,51.3187624715026,0670890,UNTERGATH,1021,Einblättrige Robinie,Robinia pseudoacacia Unifoliola,2017,fa-leaf,green
6.5834609755276,51.3188592568344,0670890,UNTERGATH,1022,Einblättrige Robinie,Robinia pseudoacacia Unifoliola,2017,fa-leaf,green
6.58362677157334,51.3189114231034,0670890,UNTERGATH,1023,Einblättrige Robinie,Robinia pseudoacacia Unifoliola,2017,fa-leaf,green
6.58425864127459,51.3191345269062,0670890,UNTERGATH,1024,Einblättrige Robinie,Robinia pseudoacacia Unifoliola,2017,fa-leaf,green
6.58436698432754,51.3191698388188,0670890,UNTERGATH,1025,Einblättrige Robinie,Robinia pseudoacacia Unifoliola,2017,fa-leaf,green
6.61188493764651,51.3394045231257,0770123,BERLINER STRAßE,176,Purpur-Erle,Alnus x spaethii,2017,fa-leaf,green
6.60531782684057,51.3426323235282,0870885,UERDINGER STRAßE,300,Kegel- Linde Glenleven,Tilia cordata Glenleven,2017,fa-leaf,green
6.64348613821883,51.3625325071042,0970523,KONRADSTRAßE,1,Sorte der Japanische Zierkirsche,Prunus serrulata Sunset Boulevard,2017,fa-leaf,green
6.63519946891696,51.3510210154251,0970529,ALTE KREFELDER STRAßE,24,Gewöhnliche Platane,Platanus x acerifolia,2017,fa-leaf,green
6.64256337414368,51.3643574702346,0970940,WEILERSTRAßE,10,Rotdorn,Crataegus laevigata Pauls Scarlet,2017,fa-leaf,green
6.60519026248824,51.3371646091689,0770123,BERLINER STRAßE,49,Purpur-Erle,Alnus x spaethii,2017,fa-leaf,green
6.59511098201856,51.3440691193523,0870489,KARL-HÜGEL-STRAßE,11,Gemeine Hainbuche,Carpinus betulus,2017,fa-leaf,green
6.64598752090202,51.3652010995729,0970519,KÖRNERSTRAßE,26,Schnurbaum,Sophora japonica Regent,2017,fa-leaf,green
6.58935983051731,51.3435049861725,0870302,FRIEDRICH-EBERT-STRAßE,31,Kaiserlinde,Tilia vulgaris Pallida,2017,fa-leaf,green
6.59961469529594,51.3385917360755,0770872,TIERGARTENSTRAßE,182,Papier-Birke,Betula papyrifera,2017,fa-leaf,green
6.64839526007928,51.3649037470984,0970240,DUISBURGER STRAßE,13,Baum-Magnolie,Magnolia loebneriMerrill,2017,fa-leaf,green
6.59888212601192,51.2932108181534,0671261,AN DER BEEK,9,Gelbblättrige Robinie,Robinia pseudoacacia Frisia,2017,fa-leaf,green
6.53614448980892,51.3191050161557,0170292,FORSTWALDSTRAßE,1249,Kaiserlinde,Tilia vulgaris Pallida,2017,fa-leaf,green
6.51206985736259,51.374481872715,1378521,"Herrenweg, Burg, Park",262,Tibet-Kirsche,Prunus serrula,2017,fa-leaf,green
6.60891691753396,51.3277077608248,0770934,WEETEKAMP,34,Sorte der Japanische Zierkirsche,Prunus serrulata Sunset Boulevard,2017,fa-leaf,green
6.58097397659225,51.3183819824562,0570110,BÄKERPFAD,1,Einblättrige Robinie,Robinia pseudoacacia Unifoliola,2017,fa-leaf,green
6.58088409547066,51.318480999557,0570110,BÄKERPFAD,2,Einblättrige Robinie,Robinia pseudoacacia Unifoliola,2017,fa-leaf,green
6.58189014153713,51.3185319174528,0670890,UNTERGATH,1059,Einblättrige Robinie,Robinia pseudoacacia Unifoliola,2017,fa-leaf,green
6.58175138078227,51.3184871290638,0670890,UNTERGATH,1060,Einblättrige Robinie,Robinia pseudoacacia Unifoliola,2017,fa-leaf,green
6.58158992386674,51.3184366313743,0670890,UNTERGATH,1061,Einblättrige Robinie,Robinia pseudoacacia Unifoliola,2017,fa-leaf,green
6.53604846802333,51.3190012832567,0170292,FORSTWALDSTRAßE,1244,Kaiserlinde,Tilia vulgaris Pallida,2017,fa-leaf,green
6.53448440548644,51.3158479643891,0170292,FORSTWALDSTRAßE,1245,Kaiserlinde,Tilia vulgaris Pallida,2017,fa-leaf,green
6.53415579260163,51.3152774693756,0170292,FORSTWALDSTRAßE,1246,Kaiserlinde,Tilia vulgaris Pallida,2017,fa-leaf,green
6.53374332061068,51.3143487896594,0170292,FORSTWALDSTRAßE,1247,Sumpf-Eiche,Quercus palustris,2017,fa-leaf,green
6.56268542314113,51.3204566715002,2578526,"Christian-Roos-Straße, Grünverbindung",1024,Kirsche,Prunus  species,2017,fa-leaf,green
6.57683410413086,51.3168041995701,0670890,UNTERGATH,1048,Einblättrige Robinie,Robinia pseudoacacia Unifoliola,2017,fa-leaf,green
6.57706078288737,51.3167346276105,0670890,UNTERGATH,1049,Einblättrige Robinie,Robinia pseudoacacia Unifoliola,2017,fa-leaf,green
6.57864484740096,51.3172543382716,0670890,UNTERGATH,1050,Einblättrige Robinie,Robinia pseudoacacia Unifoliola,2017,fa-leaf,green
6.57879494907782,51.3173019850992,0670890,UNTERGATH,1051,Einblättrige Robinie,Robinia pseudoacacia Unifoliola,2017,fa-leaf,green
6.57990985609581,51.3176473151167,0670890,UNTERGATH,1052,Einblättrige Robinie,Robinia pseudoacacia Unifoliola,2017,fa-leaf,green
6.58006525008435,51.3176937596481,0670890,UNTERGATH,1053,Einblättrige Robinie,Robinia pseudoacacia Unifoliola,2017,fa-leaf,green
6.58008001892147,51.3179691774167,0670890,UNTERGATH,1054,Einblättrige Robinie,Robinia pseudoacacia Unifoliola,2017,fa-leaf,green
6.63928473905249,51.3603812195406,4978520,"Parkstraße, Stadtpark",2023,Vogel-Kirsche,Prunus avium,2017,fa-leaf,green
6.58052232755467,51.3181053961154,0670890,UNTERGATH,1055,Einblättrige Robinie,Robinia pseudoacacia Unifoliola,2017,fa-leaf,green
6.57659576305037,51.3167252470631,0670890,UNTERGATH,1047,Einblättrige Robinie,Robinia pseudoacacia Unifoliola,2017,fa-leaf,green
6.56325050223578,51.323241107089,0470213,DEUTSCHER RING,85,Kaiserlinde,Tilia vulgaris Pallida,2017,fa-leaf,green
6.58736055888493,51.3201984189756,0670890,UNTERGATH,1038,Einblättrige Robinie,Robinia pseudoacacia Unifoliola,2017,fa-leaf,green
6.58800779031317,51.3204673981669,0670890,UNTERGATH,1040,Einblättrige Robinie,Robinia pseudoacacia Unifoliola,2017,fa-leaf,green
6.58931165748408,51.3210066156585,0670890,UNTERGATH,1042,Einblättrige Robinie,Robinia pseudoacacia Unifoliola,2017,fa-leaf,green
6.57693040803725,51.3403031007938,1478524,Bismarckplatz,21,Sumpf-Eiche,Quercus palustris,2017,fa-leaf,green
6.61667165649184,51.3452582878911,0870885,UERDINGER STRAßE,327,Säulen-Feldahorn,Acer campestre Green Column,2017,fa-leaf,green
6.61687684556637,51.3453052743134,0870885,UERDINGER STRAßE,328,Säulen-Feldahorn,Acer campestre Green Column,2017,fa-leaf,green
6.61720945009044,51.345381474725,0870885,UERDINGER STRAßE,329,Säulen-Feldahorn,Acer campestre Green Column,2017,fa-leaf,green
6.60947455349394,51.3435838087387,0870885,UERDINGER STRAßE,310,Kegel- Linde Glenleven,Tilia cordata Glenleven,2017,fa-leaf,green
6.60987437795364,51.3436741736646,0870885,UERDINGER STRAßE,312,Kegel- Linde Glenleven,Tilia cordata Glenleven,2017,fa-leaf,green
6.63878916435227,51.355874268592,0970510,KLEISTSTRAßE,2,Scharlach-Eiche,Quercus coccinea,2017,fa-leaf,green
6.61008685894449,51.3437212310283,0870885,UERDINGER STRAßE,313,Kegel- Linde Glenleven,Tilia cordata Glenleven,2017,fa-leaf,green
6.61036415636588,51.3437819322483,0870885,UERDINGER STRAßE,314,Kegel- Linde Glenleven,Tilia cordata Glenleven,2017,fa-leaf,green
6.61057155152525,51.3438296044179,0870885,UERDINGER STRAßE,315,Kegel- Linde Glenleven,Tilia cordata Glenleven,2017,fa-leaf,green
6.61165097034717,51.3440795279657,0870885,UERDINGER STRAßE,317,Kegel- Linde Glenleven,Tilia cordata Glenleven,2017,fa-leaf,green
6.60518281860085,51.3426016816808,0870885,UERDINGER STRAßE,299,Kegel- Linde Glenleven,Tilia cordata Glenleven,2017,fa-leaf,green
6.59917564223486,51.2928831709771,0671261,AN DER BEEK,8,Gelbblättrige Robinie,Robinia pseudoacacia Frisia,2017,fa-leaf,green
6.60854638388973,51.3433714001441,0870885,UERDINGER STRAßE,307,Kegel- Linde Glenleven,Tilia cordata Glenleven,2017,fa-leaf,green
6.60897652292608,51.3434688628008,0870885,UERDINGER STRAßE,308,Kegel- Linde Glenleven,Tilia cordata Glenleven,2017,fa-leaf,green
6.60922196346084,51.3435251837071,0870885,UERDINGER STRAßE,309,Kegel- Linde Glenleven,Tilia cordata Glenleven,2017,fa-leaf,green
6.57725958042562,51.3169391576229,0670890,UNTERGATH,1001,Einblättrige Robinie,Robinia pseudoacacia Unifoliola,2017,fa-leaf,green
6.57746347869877,51.3170060481434,0670890,UNTERGATH,1002,Einblättrige Robinie,Robinia pseudoacacia Unifoliola,2017,fa-leaf,green
6.57790322420922,51.3171486131468,0670890,UNTERGATH,1004,Einblättrige Robinie,Robinia pseudoacacia Unifoliola,2017,fa-leaf,green
6.57826923877718,51.3172670200768,0670890,UNTERGATH,1005,Einblättrige Robinie,Robinia pseudoacacia Unifoliola,2017,fa-leaf,green
6.57860074653548,51.3173725261124,0670890,UNTERGATH,1006,Einblättrige Robinie,Robinia pseudoacacia Unifoliola,2017,fa-leaf,green
6.57901064578188,51.3175017032757,0670890,UNTERGATH,1007,Einblättrige Robinie,Robinia pseudoacacia Unifoliola,2017,fa-leaf,green
6.57945338965521,51.3176402624023,0670890,UNTERGATH,1008,Einblättrige Robinie,Robinia pseudoacacia Unifoliola,2017,fa-leaf,green
6.60654004750081,51.3429119265828,0870885,UERDINGER STRAßE,303,Kegel- Linde Glenleven,Tilia cordata Glenleven,2017,fa-leaf,green
6.60969822653163,51.343634333052,0870885,UERDINGER STRAßE,311,Kegel- Linde Glenleven,Tilia cordata Glenleven,2017,fa-leaf,green
6.6112137352099,51.3439796820367,0870885,UERDINGER STRAßE,316,Kegel- Linde Glenleven,Tilia cordata Glenleven,2017,fa-leaf,green
6.6147294292716,51.3447815542146,0870885,UERDINGER STRAßE,323,Kegel- Linde Glenleven,Tilia cordata Glenleven,2017,fa-leaf,green
6.56816857152069,51.3256365634115,0470030,AM HAUPTBAHNHOF,7,Gelbe Gleditschie,Gleditsia triacanthos Sunburst,2017,fa-leaf,green
6.6125644771526,51.3442894542301,0870885,UERDINGER STRAßE,319,Kegel- Linde Glenleven,Tilia cordata Glenleven,2017,fa-leaf,green
6.61307868584042,51.3444065132994,0870885,UERDINGER STRAßE,320,Kegel- Linde Glenleven,Tilia cordata Glenleven,2017,fa-leaf,green
6.61412859004157,51.344644030354,0870885,UERDINGER STRAßE,321,Kegel- Linde Glenleven,Tilia cordata Glenleven,2017,fa-leaf,green
6.61448559804966,51.3447260421288,0870885,UERDINGER STRAßE,322,Kegel- Linde Glenleven,Tilia cordata Glenleven,2017,fa-leaf,green
6.61502646576183,51.3448473231197,0870885,UERDINGER STRAßE,324,Kegel- Linde Glenleven,Tilia cordata Glenleven,2017,fa-leaf,green
6.55554359492229,51.337584016888,0470422,HOFSTRAßE,25,Yoshino-Kirsche,Prunus x yedoensis,2017,fa-leaf,green
6.60611472488258,51.3428148231719,0870885,UERDINGER STRAßE,301,Kegel- Linde Glenleven,Tilia cordata Glenleven,2017,fa-leaf,green
6.60639794950363,51.3428795223541,0870885,UERDINGER STRAßE,302,Kegel- Linde Glenleven,Tilia cordata Glenleven,2017,fa-leaf,green
6.60689792685902,51.3429940694798,0870885,UERDINGER STRAßE,304,Kegel- Linde Glenleven,Tilia cordata Glenleven,2017,fa-leaf,green
6.60803562235787,51.3432542115177,0870885,UERDINGER STRAßE,305,Kegel- Linde Glenleven,Tilia cordata Glenleven,2017,fa-leaf,green
6.60826758125439,51.3433071562906,0870885,UERDINGER STRAßE,306,Kegel- Linde Glenleven,Tilia cordata Glenleven,2017,fa-leaf,green
6.5894780694405,51.3210762401739,0670890,UNTERGATH,1043,Einblättrige Robinie,Robinia pseudoacacia Unifoliola,2017,fa-leaf,green
6.59015552100378,51.3213754301186,0670890,UNTERGATH,1045,Einblättrige Robinie,Robinia pseudoacacia Unifoliola,2017,fa-leaf,green
6.59034164115088,51.3214459972886,0670890,UNTERGATH,1046,Einblättrige Robinie,Robinia pseudoacacia Unifoliola,2017,fa-leaf,green
6.60344643573858,51.3422058651115,0870885,UERDINGER STRAßE,295,Kegel- Linde Glenleven,Tilia cordata Glenleven,2017,fa-leaf,green
6.60371441766451,51.342269179603,0870885,UERDINGER STRAßE,296,Kegel- Linde Glenleven,Tilia cordata Glenleven,2017,fa-leaf,green
6.60384214185317,51.3422998539616,0870885,UERDINGER STRAßE,297,Kegel- Linde Glenleven,Tilia cordata Glenleven,2017,fa-leaf,green
6.60403824088585,51.3423446984676,0870885,UERDINGER STRAßE,298,Kegel- Linde Glenleven,Tilia cordata Glenleven,2017,fa-leaf,green
6.49977131770859,51.3951747385914,0371385,ALTE LANDSTRAßE,4,Stiel-Eiche,Quercus robur,2017,fa-leaf,green
6.58453936239199,51.340421266601,0870340,GRENZSTRAßE,36,Selektion der Felsenbirne,Amelanchier arborea Robin Hill,2017,fa-leaf,green
6.61633215718548,51.3451810462023,0870885,UERDINGER STRAßE,326,Säulen-Feldahorn,Acer campestre Green Column,2017,fa-leaf,green
6.64835382747506,51.3654934108744,0970240,DUISBURGER STRAßE,6,Baum-Magnolie,Magnolia loebneriMerrill,2017,fa-leaf,green
6.60557933753253,51.3355501222538,0770475,JOHANSENAUE,35,Papier-Birke,Betula papyrifera,2017,fa-leaf,green
6.57299068831089,51.3479076154921,0270347,GRÜNER DYK,1,Katsurabaum,Ceridiphyllum japonicum,2017,fa-leaf,green
6.59666250787957,51.293108238684,0670543,KÜTTERWEG,6,Gelbblättrige Robinie,Robinia pseudoacacia Frisia,2017,fa-leaf,green
6.62052098253143,51.323446565973,2775236,"FDF Oppum, Heckschenstraße",429,Tulpenbaum,Liriodendron tulipifera,2017,fa-leaf,green
6.62023488533261,51.3242679771342,2775236,"FDF Oppum, Heckschenstraße",465,Tulpenbaum,Liriodendron tulipifera,2017,fa-leaf,green
6.62011576829631,51.3242384568039,2775236,"FDF Oppum, Heckschenstraße",466,Tulpenbaum,Liriodendron tulipifera,2017,fa-leaf,green
6.620016821722,51.3242150514366,2775236,"FDF Oppum, Heckschenstraße",467,Amberbaum,Liquidambar styraciflua,2017,fa-leaf,green
6.61841480320663,51.3263354000682,2775236,"FDF Oppum, Heckschenstraße",553,Winter-Linde,Tilia cordata,2017,fa-leaf,green
6.57871632667895,51.3376146508551,0470146,BOGENSTRAßE,49,Yoshino-Kirsche,Prunus x yedoensis,2017,fa-leaf,green
6.58872936929247,51.3433161124364,0870302,FRIEDRICH-EBERT-STRAßE,34,Kaiserlinde,Tilia vulgaris Pallida,2017,fa-leaf,green
6.60248602201463,51.3496564170507,0870782,SCHEIBLERSTRAßE,29,Weiße Maulbeere,Morus alba,2017,fa-leaf,green
6.56403733709356,51.3211130531623,0570601,LUTHERPLATZ,62,Yoshino-Kirsche,Prunus x yedoensis,2017,fa-leaf,green
6.56277146870003,51.3207456471975,0570601,LUTHERPLATZ,63,Yoshino-Kirsche,Prunus x yedoensis,2017,fa-leaf,green
6.56254464485858,51.3204408162009,2578526,"Christian-Roos-Straße, Grünverbindung",1025,Kirsche,Prunus  species,2017,fa-leaf,green
6.55102296236207,51.3321582136965,0170732,PRINZ-FERDINAND-STRAßE,25,Ginkgobaum,Ginkgo biloba,2017,fa-leaf,green
6.54872718872511,51.3241058696636,0170654,NAUENWEG,22,Kaiserlinde,Tilia vulgaris Pallida,2017,fa-leaf,green
6.60269398052157,51.3487004610396,0870782,SCHEIBLERSTRAßE,20,Weiße Maulbeere,Morus alba,2017,fa-leaf,green
6.64897083478168,51.3683446398236,0970240,DUISBURGER STRAßE,25,Kaiserlinde,Tilia vulgaris Pallida,2017,fa-leaf,green
6.54694113001565,51.3131243021825,2575230/N,"FDF Hauptfriedhof NEU, Heideckstraße",1769,Ahorn,Acer  species,2017,fa-leaf,green
6.67329809201065,51.32445383336,0970239,DÜSSELDORFER STRAßE,135,Spitz-Ahorn,Acer platanoides,2017,fa-leaf,green
6.64834605312015,51.3647809167684,0970240,DUISBURGER STRAßE,18,Baum-Magnolie,Magnolia loebneriMerrill,2017,fa-leaf,green
6.56308486777604,51.320573630166,0570601,LUTHERPLATZ,47,Kugelahorn,Acer platanoides Globosum,2017,fa-leaf,green
6.56320703184726,51.3205874307594,0570601,LUTHERPLATZ,46,Kugelahorn,Acer platanoides Globosum,2017,fa-leaf,green
6.64536214054674,51.354021629768,0970056,AM RÖTTGEN,10,Japanische Zierkirsche,Prunus serrulata Kanzan,2017,fa-leaf,green
6.64489357039148,51.3540995276609,0970056,AM RÖTTGEN,3,Japanische Zierkirsche,Prunus serrulata Kanzan,2017,fa-leaf,green
6.64840605929248,51.3647616848999,0970240,DUISBURGER STRAßE,15,Baum-Magnolie,Magnolia loebneriMerrill,2017,fa-leaf,green
6.55676649531623,51.3246846764332,0170213,DEUTSCHER RING,58,Kaiserlinde,Tilia vulgaris Pallida,2017,fa-leaf,green
6.58701230576641,51.3425397086286,0870926,WALDHOFSTRAßE,28,Japanische Zierkirsche,Prunus serrulata Kanzan,2017,fa-leaf,green
6.59008028772757,51.3364529931206,0770872,TIERGARTENSTRAßE,64,Papier-Birke,Betula papyrifera,2017,fa-leaf,green
6.56349197446112,51.3205447219703,0570601,LUTHERPLATZ,53,Yoshino-Kirsche,Prunus x yedoensis,2017,fa-leaf,green
6.60280206595779,51.3482651174231,0870782,SCHEIBLERSTRAßE,15,Weiße Maulbeere,Morus alba,2017,fa-leaf,green
6.54893339739213,51.3317761360523,0170730,PREUßENRING,5,Kaiserlinde,Tilia vulgaris Pallida,2017,fa-leaf,green
6.56399383103176,51.3155970310305,0570745,REINERSWEG,26,Sumpf-Eiche,Quercus palustris,2017,fa-leaf,green
6.56309082200693,51.3208342886773,0570601,LUTHERPLATZ,2,Yoshino-Kirsche,Prunus x yedoensis,2017,fa-leaf,green
6.52102164004371,51.3293492834702,1178554,"Am Schicksbaum / St. Töniser Straße, Grünanlage",49,Kaiserlinde,Tilia vulgaris Pallida,2017,fa-leaf,green
6.59646146003901,51.3063282889651,2678546,"Hafelsstraße,von Hafels bis Wilh.Stefen,Fischelner Wiese",20,Baum-Hasel,Corylus colurna,2017,fa-leaf,green
6.56452838644433,51.317095494241,2578520,"Vom-Bruck-Straße, Grünverbindung Reinersweg",10,Kaiserlinde,Tilia vulgaris Pallida,2017,fa-leaf,green
6.5874767568374,51.3202427927969,0670890,UNTERGATH,1039,Einblättrige Robinie,Robinia pseudoacacia Unifoliola,2017,fa-leaf,green
6.58203419229624,51.3185755048869,0670890,UNTERGATH,1058,Einblättrige Robinie,Robinia pseudoacacia Unifoliola,2017,fa-leaf,green
6.65185192582893,51.3498851005648,0970521,KOLPINGSTRAßE,37,Schwedische Mehlbeere,Sorbus intermedia,2017,fa-leaf,green
6.59930592895832,51.2926597403479,0671261,AN DER BEEK,2,Gelbblättrige Robinie,Robinia pseudoacacia Frisia,2017,fa-leaf,green
6.58711483138691,51.3201018614914,0670890,UNTERGATH,1037,Einblättrige Robinie,Robinia pseudoacacia Unifoliola,2017,fa-leaf,green
6.56312253846582,51.3233001478226,0470213,DEUTSCHER RING,86,Kaiserlinde,Tilia vulgaris Pallida,2017,fa-leaf,green
6.5993699103006,51.3385354872993,0770872,TIERGARTENSTRAßE,181,Papier-Birke,Betula papyrifera,2017,fa-leaf,green
6.58001452566547,51.3178166647205,0670890,UNTERGATH,1011,Einblättrige Robinie,Robinia pseudoacacia Unifoliola,2017,fa-leaf,green
6.56097619548007,51.3448717789673,0270655,NASSAUERRING,645,Gemeine Kiefer,Pinus sylvestris,2017,fa-leaf,green
